x1,x2,x3,x4,y
0.5975696596003005,0.7372748954497914,0.6196439584517814,0.5157727554489975,1
0.2107920336610803,0.7338243320627441,0.32892118766639633,0.514310073818507,1
0.5587976503215415,0.12490479601800433,1.0277836800683062,0.6120442073475756,2
0.1660041747066987,0.18579722618997502,0.8862774399164157,0.6039854944447,2
0.5204209002162532,1.1728054464086424,0.46829982676175014,0.25725840149231777,1
0.28430377978635374,0.9547773044424654,0.4134309727024028,0.7987952512183634,1
0.5007190015467052,0.9366898948852783,0.6880550424170625,0.18731316363728484,1
0.11186714071397467,-0.05607480462454806,0.6010191587616025,0.5181159800467076,2
0.6388715019906586,0.20589865149478656,0.17424446323656584,0.9896723453111742,0
0.33643484608558544,0.8422582780849938,0.5305465092086497,0.0791831882774302,0
0.5862973637944151,0.8189734761990728,0.8567682282600911,0.5358760628773542,0
0.5976482923630442,0.8019228318070419,0.5405569796080812,0.10277565114880105,1
0.5409978154217462,0.6013117039794577,0.21909700839513285,0.4416081518344927,1
0.005321809608019867,0.8052345401859649,0.466879889342517,0.3325725278064878,0
0.15278288797859713,0.22677873130389206,0.8438851849374438,0.669923227188394,2
0.46956243162546263,1.1622920539246153,0.876117666626836,0.6160394596159053,1
0.491794572322755,0.8763010402257958,0.2216603948076667,0.46786820478478663,1
0.8883832886321544,0.06991920643933935,0.542125107059957,0.25740617228680474,0
1.1886975496004266,0.3947314029990976,0.5644092018106419,0.3618416205092135,0
0.057908806597836565,0.1457755216271551,0.5756731401178465,1.0384571594204612,2
0.5735417877314045,0.6018245361447525,0.7091635760563432,0.31334019406886743,1
0.5838889619497392,0.0655476628365059,1.0143989376939389,0.8017646996815887,2
0.06323323053630281,-0.1349678544282763,0.9411099723937599,0.6537626066692581,2
0.742581687711507,0.9736991503961878,0.3323728571686075,0.6032634049411927,1
1.0377019199292696,0.9547613503460317,0.3307336855985422,0.07038932988520108,0
0.24284011756288312,-0.17163068493916733,0.6628974730306584,0.5025528534454224,2
0.18364292467288257,-0.04209779922266288,0.8108722342598237,0.3372582590901955,0
0.2023840572124006,0.9783523198522193,0.4769564846980849,0.759963750691587,1
0.9663591355636438,0.5750233780801418,0.2593561312981039,0.8720620623803156,0
0.48575287673961026,0.669864402192927,0.5171793567448348,0.17195950053800219,1
0.6491102399854358,0.5822974194241117,0.161828551098733,0.4825767530914505,1
0.6933769906108905,0.026575356103827275,0.8920336773735039,0.7283359661676805,2
0.3475646496781001,0.905573095098595,0.5375249776413948,0.5760991425003451,1
0.36558580762600607,0.44820056256161855,0.9320928498581362,0.6993076299200754,2
0.43376566768596164,1.1261878209702285,0.3705783426689662,0.6802710610295833,1
0.41337959915316513,0.3749744527155342,0.4072520125802427,0.14960776138230863,1
-0.10187321190030613,0.4378428894805121,0.09502366562953375,0.01274382602871072,0
0.5109078524750702,1.1472120893701605,0.9679748498854308,0.24841388801696263,0
0.7352434384958588,0.6377162919606731,0.5272322733824111,0.5198826846720802,1
0.30738105680851546,0.5545497274583865,0.5048478393386465,0.8355332819460886,1
0.3714980940609584,0.675876199797812,0.38786898042226703,0.5207596429476175,1
-0.18294270968895027,0.08512003669322724,0.9296625852683453,0.28730770981868226,2
0.6145178547079638,0.6655934144276079,0.41509208643020423,0.5166415449721,1
0.5692355616794958,0.6366695326416423,0.006630830399005069,0.586183257999003,0
0.8176233517798135,0.823334642876165,0.2658591455793765,0.3854516267959655,1
-0.14791057568266508,0.2950631038977552,0.723585843763047,0.49535553864959836,2
0.21352282398258055,0.24269510248767523,1.056184663311992,0.5174293125955738,2
0.509624973260083,0.4646491596586836,0.36229699486285505,0.4723501979126442,1
0.7902449904088477,0.054799276670823856,0.17246056549635175,-0.20619328737182352,0
0.2062026361473958,0.6967781580074096,0.4027191850089417,0.2333185153886054,1
0.0143725480921163,0.0549907683032812,0.9687289313447792,0.7217048706069032,2
0.3370578689599265,0.7499689379039725,0.690207535090438,0.28456545838203573,1
0.7933909374777579,0.09941372980484126,0.43397426524069044,0.7423144489144058,0
0.10235127435560885,1.0035588622442153,0.4171412480194363,0.7715426049248262,0
0.2588249415737842,0.5756637767058714,0.834428168145131,0.9587242521566706,2
0.42497949728886075,0.8753251174691057,0.6588705023075256,0.6228602572398503,1
-0.04925209681428083,0.13352987756185844,1.267985935370721,0.5037173926363612,2
0.10596638052820456,0.19234959491356973,1.0293659449782253,0.6481599643644714,2
0.2473226201054312,0.3718494001938489,0.9149613105730566,0.6424706504198264,2
0.28402349657895,0.41796490920173635,1.0221511365337392,0.5392601545543804,2
1.033817915255849,0.018376597111502878,1.034622090362349,0.5039800673647717,0
0.6465612788948636,0.3249944906052924,0.8309107349514667,0.36371661240730563,0
0.7649163030839013,0.542839299928159,0.6917931010651202,0.9563657869342986,0
0.4098385345858098,0.5000753896792701,0.5062011295620673,0.4690502940064356,1
0.6405868430696182,0.8399376751621389,0.3367608208117353,0.5705034516635005,1
0.047753764724112774,0.2274414698981873,0.8423604179583046,0.5271334963100881,2
0.2989038583519022,0.0457653745997387,0.9625789830890183,0.7144770717034948,2
-0.4263866984536332,1.1046170430619418,0.873520584412444,0.6933827353237969,0
0.26900788619127597,0.9548097283471905,0.38246797578358305,0.3513860926010984,1
0.8049772883846793,0.6639746407235876,0.7946723373595317,0.28529885090657364,1
0.771477932831559,0.8967202047111459,0.9234891999378405,0.3240967525077609,1
0.027803376081150577,0.16937867965127656,0.861322374047912,0.8270608685479379,2
1.1073270105478632,0.0500517700158947,0.6035572712294806,0.6390312015437881,0
1.0509842542866852,0.983880811782285,0.7964361407903147,0.2062375811094444,0
0.2466855021435423,-0.12574247890579282,0.6681075148333394,0.8168105952822142,2
0.9536393606460725,0.613987492838014,0.8306442491255053,0.052491841716989784,0
0.6044428725710902,0.26277196838520106,0.3490124469440681,0.2995483317729544,0
0.46555004165539704,0.5392428688336054,0.21054667179335232,-0.07211790561163256,0
0.9972564738807848,0.6856875559405768,0.5492454362390781,0.6691647396018952,1
0.34350600416370625,0.10883435459975044,1.0099051449953964,0.6530586986078177,2
0.3751409938026461,0.13244090322574387,1.013066150406386,0.6354269870716472,2
0.41794484123047326,0.7115472951706262,0.22016453871365121,0.41434470160907544,1
0.4485848048979047,0.8671886725621786,0.30896251822365595,0.6148801568064457,1
0.22535705944708792,0.388780721203403,0.7840397886780001,0.32570047931541773,2
0.16833565094267933,0.5464099630711019,0.7452595459731874,0.7634994336413026,2
0.12489778537982738,0.38458338970513334,0.7941185051179959,0.3640226124813925,2
0.38217863220228565,0.3450412047015812,0.769433485361824,0.3502461982695426,2
0.39953856233287327,0.8920526898912243,0.3877998204038198,0.49981177798873594,1
0.678093901533008,0.7776079460157568,0.23346711481515015,0.47085218561364606,1
0.4591742151852082,0.18381256077590902,0.8543633395895787,0.8480145604580074,2
0.25867131403502414,-0.4189681020366529,1.0992015721986919,0.659306037996864,0
0.6258960461923625,0.8650353709994695,0.5470199618343099,0.5678813196899064,1
0.36600497461645304,0.7938188103509857,0.7224877933137366,0.3273962223361159,2
0.4080301819003967,0.6421484051034498,0.5671967203036994,0.565434012892657,2
0.29930282267199576,0.5017381493007225,1.167750014146285,0.6518039068683941,2
0.8876941005291688,0.2632615481328643,0.23630455248930712,1.0641281322143223,0
0.524242789240642,0.3534577348414367,0.17663546124884663,0.07971470814593817,0
0.17694121525820394,0.147366633054657,1.0363057557802873,0.4635460487785181,2
0.5186504019402985,-0.20105070840948402,0.6827774405918592,0.8455020896786611,0
0.4542377221974032,0.9750667948198879,0.6029356253368603,0.5953289651583813,1
-0.003431786436027928,0.18691130943172538,1.0226431448912023,0.9295496265058976,2
1.070353478083479,0.5096021122964247,0.23645205509678602,0.8035658067787236,0
1.0160976021309576,0.959379777580867,-0.004276465066341384,0.44601777916311214,0
0.12645091242038337,-0.01641027059770378,0.9922869955909157,0.7300196592175838,2
0.5179908295084219,0.6453887020287259,1.3141377297778174,0.3089799640169313,0
0.6447528525142496,0.8640886675249178,0.44477335382721395,0.3332499821488266,1
0.1217575751890548,1.0400401037270612,1.232746974766194,0.15787318338751016,0
0.8838042268633645,0.6109235913858113,0.14772500291494983,-0.1536676786724709,0
0.8613145410264373,0.6683925959190363,0.22897830503206862,0.4001695533101384,0
1.1144146672367046,0.6811244322124489,0.9263159168713005,1.0349489447269857,0
0.6289123246946221,0.7524008999464241,0.7709097192353292,0.8650896972303224,0
0.3790402461758675,0.14349780623323646,0.8751214437538728,0.775738599348394,2
-0.11411074293661722,0.3596798702936488,1.2256635880062683,0.8309266240334313,2
0.4187076726938175,0.25392877798483937,1.0106113412822177,0.5349192289362987,2
0.1710569502558349,0.5657395528436667,0.5144582497875493,0.5454438628821263,1
0.07080428793483437,0.43264593476262636,1.063892564366633,0.3941617922943334,2
0.32468333648934783,0.6843316217665409,0.4503161409353934,0.29214052552126135,1
0.32647779051511094,0.8280740137714664,0.12094955375719979,0.25230964705105957,1
0.32010650186229306,0.12784758099424245,1.1209314934800207,0.2979805570461522,2
0.572164551171392,0.8460998906782473,0.22815915312643575,0.49514077083371194,0
0.29220694145020204,0.16725140409314626,0.8363099882538444,0.5831345092399421,2
0.5027593484775168,0.6038971466312153,0.5468296151757728,0.5728843362050473,1
-0.06634221064200513,0.3638502616885732,0.4534761361289227,0.6781310045048458,2
0.25387536814605227,0.21188860679131602,0.613500446238753,0.44472026554609184,2
-0.034760915149037674,0.2597574486459553,1.0262807157651157,0.5733718076685774,2
0.1877505847263688,0.19641572757564701,0.8684008244303794,0.5009472048289271,2
0.640532733314808,0.4938953963134389,0.4427717665988958,0.3233482896713323,0
0.477573868833769,0.35228755882717705,0.8039991591632009,0.7662863655779206,2
0.6584293279476415,0.5038941703712265,-0.02556994698786852,0.7092606255455316,0
0.4482351726632091,0.7363293319374091,0.3475615015381994,-0.0730497213535311,1
0.7843403149139903,0.5659357498042632,-0.13113445080861685,-0.01007613337900743,0
0.4965335216330187,0.6968167713301265,0.5981680853561095,0.16646938899365374,1
-0.06042130510930516,0.5149896786362168,0.2823004881881507,0.5056078533554769,0
0.43609710134112123,0.777674414410846,0.49020799707657,0.4767420375669784,1
-0.06928241826469755,0.3329509645796772,0.8273775235189332,0.4251640551582524,2
0.31700855737597955,0.6444327008457591,0.9969654872150016,0.49893016111116895,2
0.4954651032826704,0.49753465981510114,0.6589762774783359,0.7174865768621149,2
0.8370231600491824,0.07863426417778224,-0.012109795131750208,0.6109910014430344,0
0.24006688031686851,0.01971373449766689,1.4063436224131602,0.5807023348365893,2
0.4301239577673479,0.1912385158359406,0.6723138261720675,1.142721314946249,2
-0.057990634565732,0.3021347690410615,0.9142018142673215,0.9461611492522974,2
0.5235860278670517,0.7136384630006953,0.3053510698906562,0.4322512428874117,1
0.2961540007579938,0.5722264526217211,0.9447806324581738,0.5950834695756848,2
1.2184576213610616,0.03776150311207027,0.9475598968914837,0.2796302584884305,0
0.3321626180644899,0.7414395434532571,0.563565892303969,0.3001604853574775,1
0.8368787212379027,0.8899730345116732,0.4652780573306164,0.24409039468496557,1
0.6871074551115345,0.05662524169932873,0.5894576257252928,0.8170757193962159,0
-0.023650925385110072,0.24655726504603176,1.0505838496695454,0.5822764001990239,2
0.8306280264474479,0.5542364942997364,0.12957871294754186,0.3691645796920553,0
0.22931378521007223,0.10766163997600828,0.9651988861221288,0.5156484770190509,2
0.399029595799104,0.2107852286062791,0.9079723025125219,0.31734427952462674,2
0.5677346771293954,0.44476123298905973,0.5959231869938194,0.48713598100317795,1
0.6930899895761029,0.934041973296909,0.7150518669468422,0.3824483886376377,1
0.41130160290801004,0.3875654487206958,0.005731731050102676,0.10523440371213706,0
0.2224392571349093,0.4673716790321766,0.5110792244794281,0.5266527637899188,1
0.35279415347170795,0.3558444786875496,0.9960190381799355,0.9201623636614593,0
0.28864480628261235,0.20382178133972206,1.0105735538318579,0.45577855933971567,2
-0.07641634802429748,0.1764030985200204,0.8988011193824602,0.44209741202251873,2
-0.13501969533549807,0.3670537304177196,0.5186518484802459,0.6761239582698805,0
0.38024328575475963,0.47465119248067844,0.7992024424377409,0.7479628738540378,2
0.32311640376216544,0.7200136023443494,0.7202363251519898,0.8820571584481696,0
0.4003579629583069,0.33836046851125645,0.5022672557727162,1.1883849717357549,0
0.08516322993207431,0.5704979513744363,0.5062326335401172,0.3232328762378476,1
0.0459633844194578,0.1947275467781086,1.040002796422197,0.7377259882825673,2
0.9854375279442692,0.09406606100285944,0.7661368168111768,0.3204261709829031,0
0.3941553747435549,0.570550795609982,0.5930263826280888,0.6025087435889213,2
0.3989346857238621,0.8626784935900766,0.5494509682542472,0.4764235148623696,0
0.4075328967608969,1.0190983508695293,0.2604475789988736,0.17729046559592054,1
0.17061841666034502,0.0842958940571159,1.1281636297923252,0.36346644807682466,2
0.30673254776314185,0.5853234763453558,0.6608410772559725,0.544409630862486,2
0.5319555466467443,0.6783455650155257,0.2044735331525469,0.33308667532687997,1
0.1728778219563057,0.11730779114641932,0.6074553582225659,0.7641675181355995,2
0.42515055415256325,0.5890340127897443,0.663933538758501,1.0458994876027468,2
0.08855485399450216,0.5908388279135534,0.07002885380723206,0.7852996185928373,0
0.19441873516335034,0.7695494941958825,0.45430440651716003,0.4232993200544281,1
0.20707507504014486,0.3193011007253221,1.2878975595719937,0.6355826239964817,2
0.750235615116683,0.24982996324279516,0.1607201792637789,0.9409537104464114,0
0.38738819731638097,0.37386862559301426,0.16630608689804655,0.9048786863332525,0
0.4743106828344394,0.49529395012147714,0.32880851836114755,0.33402688870020014,1
0.1646472858754281,0.5314656280406171,-0.05510490529011809,0.054181797870957615,0
0.6663989949291663,0.19941119488922088,0.20656831052505942,0.3725964622386196,0
0.7172205846132115,1.0539682513488737,0.7361658607238795,0.13911282340191383,1
0.5610254641922305,-0.11087412003333919,0.9642425070532028,1.0719895130191484,0
-0.18264516852460877,0.5515512818543438,0.6855011344238772,0.7784132620468901,0
0.3550880082208054,0.2195228235749605,1.1873598960811809,0.49731967971554486,2
0.07804675935767821,0.16090591081827316,0.9519598635573343,0.8045439072412324,2
0.8002442080148472,0.5218093526505517,0.053814940980680036,0.30087852190775494,0
0.6889069183704528,-0.1185574106823502,0.43647357221058747,0.9684869097544389,0
-0.22480583589085568,0.4089310946177442,0.5452959503780382,1.2007170918836811,0
0.7691208608592202,1.1091049522623024,0.592907109992733,0.9969169729226313,0
0.44725795105910215,0.39644253829771675,0.6753200835514472,0.44329972625947534,2
0.1763057781669623,0.587886782361478,0.3070563845133327,0.14434617513298714,1
0.6963677419057908,0.5584856699407659,1.0457069939906565,0.30289608473342766,1
-0.0675844374363262,0.32305458704707646,0.5825679072917923,0.8403679996264546,2
0.8427275072956774,-0.11503492088496003,0.7584331164812782,0.46332344883776694,0
0.12790752169885272,0.2992271684878758,0.9304274289209975,0.45106374823808737,2
0.22875988409346748,1.0436919735042074,0.13042726038742325,0.18109474440422124,1
0.2672422017031678,0.23253172019791266,0.022531950869960737,0.43876673761756063,0
0.6380626521502298,0.8902543122323199,0.6354139084407779,0.4278723441055366,0
0.7156446964063669,-0.23364905082426324,0.6867302344620512,0.8521260571687911,0
0.2197548289719808,0.9792696496302707,0.33711995616980955,0.2890069364804214,1
0.40405844759200765,0.8443817105067919,0.6997239425450663,0.6871321833656714,1
-0.04752291775887879,0.1991833133628213,0.8945447513080995,0.771129934650961,2
0.36951375914103346,0.7426391870964184,0.6124722446653532,0.24628832616700708,1
0.4139605095455063,1.032836744229643,0.6735318094520284,-0.1752047121930816,1
0.5281411754372334,1.0189565280777886,-0.046887222739595,0.3069944480934619,0
0.3968703551162074,-0.3391232403605613,0.42011579679905026,0.5028657970407759,2
1.0115226682162177,0.5912368810251142,0.53431168169064,0.753642128936069,0
0.5041315386438302,0.17569322559262826,0.5282106526612019,0.06362432471954799,0
0.5597765353911286,0.7114706850882152,0.26755886869793044,0.34268017505791065,1
0.05480749977837493,0.3251075552297779,0.606495393804084,0.5745582105023559,0
0.8359600542731946,0.7705704448071838,0.24067293761591282,0.42469129507769043,0
0.2548413747958034,0.7418173938072989,0.8129023400068383,1.0051288605218474,0
0.321730369655404,0.46370498531261783,0.5397437819130244,0.5417440220066163,2
0.6493142692918726,0.8290974054334049,0.3383284302590903,0.23238538207563939,1
0.6341103057850469,0.06371691764818321,0.670617496885781,-0.061208635318871746,0
0.6050150835496938,0.8971642820831682,0.5277268503534553,0.2365197488854784,1
-0.14130196964202202,0.010324003930889947,0.2590844904007663,0.41773100083054693,0
0.15986301902231387,0.45444321562541673,0.9216079102872445,0.414907082014804,0
0.7080480813724144,0.8191771942531286,0.34874606810698777,0.22614714750883327,1
0.5215140107774783,0.5470592073389404,0.7290759698162889,0.50397612956039,2
-0.06543684923799464,0.44986542131600404,0.5643124210536888,0.40148816148996025,0
0.3980187567803188,0.5723906159525388,0.33377861060969166,0.27358670170104243,1
0.28488783510832144,0.12757950999900858,0.5138129031896093,1.1304886422480354,0
0.6826850600417749,0.7423449203716787,-0.0763681467925662,0.33792062204625467,1
0.02053802886889905,0.41143611774563277,1.0171665024824577,0.8011601849246607,0
0.22914310961377998,0.9976102097294515,0.8929564118837257,0.29363947069504726,0
0.6533861766576238,-0.11989899573151086,0.11773636523992356,0.1675088930337474,0
0.2609165273759757,0.2765903328136296,0.8335477246818551,-0.05976388039206859,0
0.245685379974259,0.0986709077482345,0.516924250319591,0.672052053150582,1
0.320820091637149,0.9420150826374623,0.28579697897378165,0.06112755604932464,0
0.7551374244476506,0.44342161482195813,0.7454065486419913,0.444765795948735,0
0.3552463735901704,0.8710053515004598,0.206829535854738,0.442686293300949,1
0.5429490559539011,0.8718285587660022,0.856814706057369,0.6511825948853693,1
1.0365317714185336,0.9828673475436305,0.2962853806164536,0.8552032524992947,0
0.9059773497482803,0.5136727759614519,0.7849491019069782,0.13424349383790884,0
0.30124806926603714,0.6947765513686804,-0.20180637014944736,1.052067973972728,0
0.7919781995763697,1.0635672938014111,0.18859947281552678,0.8264554216914127,0
0.5418416054859102,0.6768885399471801,0.2577476567154735,0.48527189009904714,0
0.40657756919431975,0.7588433601828076,0.17607125402758095,0.6303367749204236,1
0.3599438146564975,0.577602793241883,0.9745831475803903,0.45305423891426033,2
0.21882780251338424,0.8040683589003573,0.35222082599004034,0.36574024560557306,1
0.3628878274924411,0.7269795710806799,0.4669529741007524,0.44756439277392657,1
1.1082490284955555,0.12818913089636763,-0.17838705964753196,0.1279789566082584,0
0.79199025243132,0.5582850106086544,1.0380399990329874,0.7004388834071841,0
0.049349057080797815,0.39693829415660253,0.9548468702528331,0.38760183863913655,2
0.16090330120108817,0.15019592377429125,0.6429484364605953,0.5944701288946577,2
-0.13141370949252756,0.403791149392336,0.8922864746226558,0.7694268500535822,2
0.34097140837827156,0.6854850756922133,0.2581006725302699,0.3938837844985086,1
0.06173295220990385,0.20563911007684837,0.4206884397894493,0.12738095642094038,2
0.23312024917802776,0.2028295500699546,0.8184026731915747,0.609545704737436,2
0.24244900525653504,0.5957960442202215,1.0110987121797657,0.6273387315176794,2
0.43843990813014067,0.7465720137522924,0.2856133661235231,0.04889582736217052,1
1.051008005440751,0.5308475092626719,0.2828554151733776,0.3704569541399161,0
0.5342372624218583,0.4581102206726513,1.0730419733529513,0.45348473573461867,2
0.1697130105996884,-0.11153006863343043,0.9023485230492945,0.10945876775796437,0
0.4008012266787223,0.28030176806475104,0.774829392569394,0.39528798008555516,0
0.542147708704216,0.24255526019007054,0.8458108572780471,0.3266612768427269,2
0.2315052861575539,0.21006613668054036,1.0571555016241545,0.8540052346486433,2
0.6763212461383636,0.2821035123978133,1.1904917804695032,0.7902300412701061,0
0.38031596377178284,0.19087106679101062,0.9036367983203443,0.8621268338014375,2
0.6206718325566698,0.772584171329618,0.8671003338318731,0.42844543348001735,0
0.6969093647018915,0.33463279926655715,0.446924988849958,-0.034206482503723906,0
0.02243021076225654,0.2586894547039456,0.8454021589833726,0.42687838159958974,2
0.2781974291286623,0.11487296175286094,0.5788252716850308,0.5039754887436707,2
0.5666612246208245,1.1948619166164818,0.07694001664770056,0.3196165282362471,0
0.970026217097282,0.2536771727070603,0.5045514571927743,0.24702454294947984,0
0.09266312887101226,0.10614520889550233,0.5690762549455102,0.3107661343129563,0
0.25163115335287634,0.044761292244821144,0.8355657749185856,0.8360810661218497,2
0.5270477841869281,0.5713290812801292,0.9364472661595358,0.06257985537729666,0
0.5406854927665312,0.3604840060501201,0.3494163594316896,0.2458381667514064,1
0.48186797918217134,0.8600536100509628,0.2832482791056804,0.4170483910680568,1
0.6842685966745606,0.7373869371709562,0.800826839719714,0.5378743919445224,1
0.5752991260359379,0.9955986816388693,0.284254489016678,0.48142522413864763,1
0.7630467696414521,0.7459513092795691,0.3379316240951074,0.3563061109766456,1
0.4209523591556617,0.3490921002395444,-0.16824201413312717,0.6619796541659193,0
0.5564335597204553,0.47335717460120386,0.5492312549137406,0.4905875067286529,1
0.5111011155395805,0.7124731791816097,0.5330105620869299,0.2175348927830735,1
0.31797721133197276,0.5808493419950946,0.8779207120474805,0.8916147704282906,2
0.032190761092514786,0.5642659843543624,1.0175019851807168,0.6295966903967101,2
0.1543364817063117,0.15844335270778237,0.6248349197689407,0.9203462252141184,2
0.5117452214730163,0.2073424557701057,0.7988077057623072,0.7560604023246519,2
0.22906420254298254,0.04960820717921752,0.870371747168512,0.5109272413189268,2
0.3307636652774554,0.5041308760144594,1.2077318471207295,0.3323695556731837,0
0.7309762595492314,0.9550060880637607,0.5133797930623945,0.608971442980269,1
0.909693130970719,0.6870799972877037,0.19563896959646626,0.8522882921873006,0
1.2406390521637904,0.30704640342978307,0.38322201031255015,0.8446153709568398,0
1.214489935528087,0.6789173596528164,0.6041017332183887,0.3889273431248277,0
0.1441481197094716,0.29257461011210983,0.05850414137451282,0.6585829751888675,0
0.7699828384047921,0.4009655536349798,0.5216908509267872,0.15344675728476004,0
0.2720822050273578,0.5365532415295092,0.15900626064271367,0.5472847884002869,1
0.26345089994462945,0.9650537851341997,0.33900211896803745,0.2615638178506434,1
0.1623411460700782,0.9432343802412293,0.6419989174097223,0.19291498420632328,1
0.35372724720793747,0.824881480513936,0.402807931701848,0.7193470782564777,1
0.4797136545587603,1.0214475346879064,0.6910649450897909,0.013605125654348849,1
0.08755105033754468,1.0727133373618232,0.7636916245881862,0.5599541712435414,0
0.42784417643877964,0.3834084721945221,0.6560881211788692,1.1273163383269562,2
-0.5317674634479532,0.45707955956578206,1.1212403267136544,0.391485911623934,2
0.3769772396946596,0.6675134689382026,0.8163954306863374,0.22818776145601516,1
-0.022566529576364014,1.275453724996786,0.6631505586175751,0.15153974205820137,0
0.5425997556391904,0.6055968655176298,0.23589776120096467,0.2260943296265335,1
0.4362228048690122,0.7098761346155941,0.7905197036966838,0.35659510969233027,1
0.49403164145994194,0.632495076139878,0.8761499775382499,0.9936493348496285,0
0.482107141576956,0.7458702127649812,0.4240048823042232,0.4077859436803663,1
0.4526730826956715,-0.051766718208343776,1.0580754006350113,0.673155853136238,2
-0.009186799312807227,0.9438943153144908,1.492173533659157,0.49120397988634024,0
0.4195880881326796,0.1962223853667367,1.1578856259038803,0.6285977314822522,2
0.188024024318871,0.3254111694828939,1.093006534805538,0.8705481873200271,0
0.44382153715271405,0.5174740564102563,0.9451291306831531,0.1792905492844285,2
0.5025413135617183,0.38968155417541106,0.8728966788189118,0.622892450730332,2
-0.07151816882695422,0.42262440418755604,0.8855429591429383,0.5970381430451954,2
-0.0771468278482294,0.20940784797194756,0.6797934459273574,0.5435394384685629,2
0.9394922101742886,1.0565007239589899,0.399200010451191,0.4430450945910587,1
0.35873095190024107,1.0679380562005432,0.43439152470688974,0.4267456291803978,1
0.3741541734235547,0.29359921198015,0.6237304211275154,0.8296809375021315,2
0.22167245943426586,0.8583594348798813,0.41244855780304795,0.8808652862168411,2
0.5269091941713553,0.283822467660083,1.1932779571366388,0.5794361711644735,2
0.26151839018566303,0.7648319535757325,0.2078092603940318,-0.02268436287344794,1
0.11534206947304353,0.3183799004855904,0.943142078856818,0.3217796784783662,2
0.6054625646515783,0.45764054943214005,0.9216409157979418,0.4117918285708906,2
0.6557154697282321,0.8082490534264892,0.6731245074240709,0.5221175255158758,1
0.2982491353321961,0.3424922738900559,0.7025054330356584,0.9816036050382195,2
0.11756065992866344,0.41950045968186467,0.775340222206973,0.3826603901832161,2
0.44855025554348793,0.6627870997370218,0.6916472478194563,0.38846330786324684,1
0.4802480449175647,0.32458608398910843,0.9459957242381015,0.7381609944446781,2
0.3851954555791595,0.318171916606561,0.5558369637618203,0.6465160172019828,0
0.8648654270520586,0.31338417228500803,0.2988978764055632,0.31704344033128223,0
-0.12232962553471977,0.2708364285035554,1.1627513312884226,0.5385227769156622,2
0.87857221547656,0.5014352101017692,0.36249952218754333,1.2257844761077605,0
0.21406979656422068,0.11620284789337748,0.6241697872032377,0.8322525843875278,2
0.4049074116074548,0.32245987491324035,1.0875960133134974,0.7133625121670059,2
0.24214484894086996,1.0414158607045154,-0.07971370274825994,0.3287996504453061,0
0.33975144045597083,0.4548086767704955,0.9803190305686328,0.5692656134999357,2
0.49642471955136336,0.9073729080226155,0.5251194821907442,0.5619760954952426,1
0.27540015191162975,0.48846766757049964,0.7523441085981485,0.777622586678871,2
0.5238095263408471,1.4626386158332085,0.6067018702224334,0.7017135615772985,1
0.38957527120028923,0.5110920239678107,0.7871256099631618,0.28943607049174463,1
0.31021591741741106,0.5469925055813804,0.6058865045198883,0.36540129606362803,1
0.750233336457687,0.9851292633740473,0.16308086187351245,0.4609798294236461,1
0.4370583308837266,0.6477725033144294,0.4499489831345126,0.057763122003171186,1
0.749588745595059,0.4162421237161649,0.782171786936634,0.6407229594311464,0
0.7322961886716328,0.924991813059315,0.609596448494371,-0.0068113496977803,1
0.6772536434466201,0.8863852798214629,0.2661458721007614,0.47050469501562975,1
0.10836564217166575,0.011106740370773083,0.4719045308475545,0.6466737421086672,2
0.8403869897496307,1.0581248087697313,0.42226663544168463,-0.09076765483775887,0
0.18280215022175655,0.14155758340021063,1.1364677148896805,0.3478531307449009,2
0.39246009264805176,0.40540589747915967,0.7937937410725644,0.7990678557052463,2
0.5748437903024142,1.1992526131503136,0.7683825715463266,0.6694474213621393,1
0.368018573947023,0.12037815231423385,0.9164386547589105,0.8810447161729179,2
0.7025039528282075,0.5732806765316838,0.5882779104584976,0.2962280306372563,1
0.06837247489834625,0.15980178393978162,1.0792595517844803,0.7117623060486474,2
0.197616410542249,0.983394727304035,0.498463560250627,0.32377324998102053,1
0.3740223061254048,0.10566371432608533,0.2978040054680329,-0.33240754184726906,0
0.4387973830228822,0.5537367818758328,1.0337058726893567,-0.04695171624367654,0
0.3771738089654971,0.3133306695967383,1.1025395988586162,0.6362401271930811,2
1.0438553948664482,0.4104915292869078,0.4971339312953753,0.04930515807246494,0
0.19820265014728736,0.5038391978817507,0.9039252878083827,1.0583875724348053,2
0.318077042923831,0.570436334444796,0.6683750021060642,0.43211303901332354,0
0.48924046406256794,0.08817642240322687,1.0849896954992462,0.7476805867680585,2
0.3529522279375169,0.2629862842024084,1.0170879325078563,0.5264424989343311,2
-0.10251523756150638,0.4660388197379122,0.8961462915169937,0.2960567038591022,2
0.7495992963399137,0.8833571810985493,0.5161455699961778,0.2526062249305857,1
0.39256793486680797,0.7573600571808701,0.8731949443840992,1.1329538340425724,0
0.4289421456638142,0.3246821793839486,0.22121884026891397,0.2783947898186742,1
0.5602535063211972,0.3541111993513664,0.841339972354316,0.15364806764457872,0
0.4752294352437079,0.6095756545556686,0.6676031632394663,0.38419532773720666,1
0.09606126826591121,0.4036585232686253,0.9270729664529024,0.23228533479069463,2
0.8953105652522202,0.6219980848447156,0.4481475165633431,0.16090180441139076,1
0.12084140297850238,0.2964838408409278,0.6766530863846327,0.1951870121773751,2
-0.22778686882814259,0.45478546055075925,0.531597719877382,0.28579368232147134,0
-0.028736574430983097,0.46947735567576987,0.5421020065120817,0.41841681774320655,0
0.23631555086931358,0.07460590915127338,1.1273729596131112,0.700220856728376,2
0.3421749620834904,0.39072147939408264,0.8380718177948586,0.7401107963477049,2
0.7140885357916353,0.6675034128748759,0.6309165330115158,0.9005966923940489,1
0.7789458028038367,0.5187306562232843,0.3820297267155547,0.31137179475918286,1
0.2947927640643925,0.6962604625079098,0.3387063205166784,0.24125361778708906,1
0.6822965084075192,1.1693070689354919,0.5803233953776594,0.26263302760562496,1
0.4019555242265518,0.536251517882439,0.712769848935824,0.6735407777579493,0
0.5137558345854576,0.14998158442037823,0.3762071339109119,0.9167955514103502,0
0.49188951646041373,0.8274569561966879,0.24359433658455515,0.2893046073115555,1
0.6375831872721391,0.6618399758413134,0.4766426076183013,0.442442459963429,1
0.3389224972231298,0.6311041958236643,0.9404274447728515,0.8437159799869837,2
0.25428550112368364,-0.0754113775998394,0.004542088047793574,0.8757402862395304,0
0.6702737123370108,0.7801602635584779,0.7140950532684934,0.6228823551534701,1
0.8569542970730073,0.26215016039963684,-0.03627550031960533,0.39824048168259996,0
-0.01779956626680662,0.38627276537868804,1.0647070492410136,0.791649407801724,2
0.39040129393046474,0.8098849956936327,0.6462532462101519,0.42585252812950664,1
0.9884099263369049,0.7677569784411454,0.3391660982171165,0.6344050625515636,0
0.7685555367099078,0.18087886906972533,0.4571475448158061,0.3236285522459903,0
0.012475544271220773,0.4018461411705046,0.7455061852056348,0.4934222848365818,2
0.683584708249833,0.8457262140060969,0.1111415317000719,0.6822442913855916,1
1.1239300168820978,0.37927202716994834,0.8873284804040377,0.414175263495224,0
0.028324537583276466,-0.213985827010862,0.9812146487990666,0.6976089586173014,2
0.19634479991513432,0.7839688599158549,0.3294685323809013,0.4876233252244871,1
0.1069608378599352,0.11279186609977829,0.9409895665191106,0.574472338181503,2
0.7129997450277001,0.2642932900415544,0.8208576206501852,0.23040184128915686,0
0.2211270836635531,0.2590165428586606,0.9022982833867217,0.671326270322544,2
0.46848234361768204,0.5363992959327433,0.6627914954446253,0.4482594482652083,0
0.7177344645442093,1.0651916346362342,0.6838300263044623,0.6933376478488849,1
0.47992849876497345,0.5459724106400692,0.569176241971698,0.24647775997253973,1
0.394646180541982,0.3551387535738545,1.0097414176766368,1.1157098671286514,2
0.6021155609320241,0.2077493279544192,0.3761785844606688,0.6995117168821452,0
0.6553105918562607,0.31761658179778857,0.9727405992770184,0.12204688030513955,0
-0.09042314387191905,0.15220727752572097,0.4730152083056638,0.360288253666462,0
0.5544523374493222,1.0151265163918752,0.591121805224743,0.3882635185219277,1
0.23432081900119728,0.7157172090644225,0.14298238626321524,0.44906740428733044,1
0.512096631706776,0.9402253002807218,0.5678858224372827,0.46424531965735805,1
0.24288864116425968,0.15402853078809728,0.7131487756248448,0.597920829591934,2
0.19545697234836207,0.25809242581355923,0.5806164737760507,0.21785059414948293,0
0.4774487411553319,0.5484026272643399,0.7146761712301848,0.36429793854245474,1
0.5619190464955335,0.07202748974679382,0.775893910810501,0.5086025676044535,2
0.1943880207464995,0.205727516637317,1.1729580174115561,0.5027030065067739,2
-0.14742947718044486,0.6166955340866271,1.1013299049723275,0.6931070147261178,2
0.3970242856714852,0.7439002793111194,0.20948313403681662,0.24552363757672152,1
0.0864614786528396,0.2543080368636932,0.8048814543489925,0.600574909477333,2
0.07538443632660696,0.47730497212218526,0.7607494360667671,0.923225589617364,2
0.5472595330546608,0.7750726431659661,0.4861804685571464,0.5734114654206268,1
0.7745020778316029,0.9686684130013337,0.9700845821387359,0.6335384295373332,0
0.38755942318614156,0.5877083557887182,0.7013153235332943,0.5852276155173063,2
0.8161505734272867,0.48899877057163105,0.7830690799500943,0.9780243313726478,0
0.2337411473671695,1.1941255565302242,-0.11053270266692766,0.8774002678725321,0
0.30608646249846816,0.23610381903166888,0.7360222519191908,0.8719568116502967,2
0.36727116525366654,0.20154153781009754,0.45802120685288045,0.1591646563201606,0
0.6721875087904812,0.12322625904765197,0.7316834591393954,0.14694016930501858,0
-0.12578229475878036,0.24337986201449557,1.373844240334519,-0.2870683098628411,0
0.5033911145827059,0.6978938174827464,0.6359705250112272,0.18822876196512556,1
0.4634568984821577,0.7694355747849191,0.5666283328390713,0.46892006468303227,1
0.5875936390214738,0.3644939619335549,0.35049173588988874,0.5454192064840466,0
0.286167985025034,0.2157609090561583,0.945046977116369,0.45622508466099176,2
0.5352575303550546,0.13724055336404525,0.22613533388678866,0.14033719665044664,0
0.3987090696567259,0.5102959000026167,0.7715357682162407,0.701404351950448,2
0.7023651999921328,0.6064832095776476,0.40830277668190307,0.2985344470673445,1
0.5133994373370694,1.1591090188145121,0.40407437783845146,0.5889622339448431,1
0.08921738443516189,0.383099537919567,1.2335951695052267,0.5328595673577703,2
0.674369564891603,0.5997549856584222,0.6126427988110834,0.6939065036422056,1
0.11471403695508743,0.23426750764128218,1.013077296474734,0.8305476654942361,2
0.742884610415672,0.8116958415207804,0.40276512995134833,0.1974256246781051,1
-0.030146254308233943,0.4397013423549353,1.0060208588136565,0.45840272974256757,0
0.12344825957694044,0.405659619912466,0.746182861455621,0.2679091536560117,0
0.6256200823604301,0.5660395085344279,0.6631279780982694,0.4231058102884212,0
1.1761017954003663,0.4750909776370815,0.5264734042541958,-0.048835077421872486,1
-0.004565477722031197,-0.12532759038353636,1.0665886545033496,0.9435227126329995,2
0.5881229187412518,0.04726127354324519,0.482365306160762,0.12893356302350878,2
0.6302116755034626,0.5982823981497851,0.5523525170120263,-0.27790725997142507,0
0.2063454437633679,0.30984397043263,0.5838931837013713,1.0029005211094997,2
0.13726435004273202,0.22445391607900783,0.7138258202515225,0.9069004865120889,0
0.6782663448518871,0.9064540292157613,0.24943920119068744,0.301033089580076,1
0.8974157917782172,0.3442811525265808,0.7794206041676351,0.922500067924876,0
0.42999883580955245,0.21559091840524452,0.8658482269856307,0.5866110220299133,2
0.17771050460400845,0.8377331165239412,0.6324844378191471,0.7704242022757457,1
0.48705767683477996,0.9619349740852663,0.2311188290070499,0.6744050339574414,1
0.5820725725571556,0.7281877207270346,0.5174142641655592,0.7725194945307721,0
0.4462884875281653,0.5772449031204057,0.6445415366349492,0.22820829383303848,1
1.0347603584540652,1.1102208077196527,0.471350859908854,0.5448742805936058,1
0.5498004173457426,0.3534407795046505,0.4239317612969771,0.2943682613729142,1
0.45971447519662956,1.018227643056898,0.13974206216631233,-0.041567688803728964,0
0.027889569260401315,0.12179728128149772,0.6104418539535448,1.201476371390811,2
0.1641406953329778,0.28815561064654954,0.6446759613852142,0.5073377364095866,2
0.38770083785440046,0.9476968600875834,0.6196779322750897,0.5689351881027583,1
0.25862558274845465,1.1094612786696638,0.4721764400951734,0.8400970667811163,1
0.6037576132155557,0.776378343003705,0.12457821165258881,0.36418679125618064,1
0.43274717493845327,-0.12801796513192687,1.3744524801929852,0.6129694374032236,2
0.44981209316135484,1.0905501095899992,1.1127984520176377,0.6345454589181632,0
-0.10103212090161628,0.3019816082267781,0.8426932448513771,0.4593635102080941,2
0.5920202009979277,0.7973043190841721,0.29874002228576435,0.44441615157431014,1
-0.002792446959343997,0.30948837212166375,0.9646030688573696,0.7292838804352612,2
0.7313213819964668,0.7472130060993107,0.7002926736250478,0.140337775587338,1
0.5577954157174856,0.20222697755424657,1.00936357517675,0.5608043068134865,2
0.9358877275349704,0.8017424878344049,0.34135765858332323,0.18729945660771802,0
0.5775920639423745,0.8517061082031973,0.6630241030975668,0.3569995505045028,1
0.7499761024976385,0.5533963816935277,0.061900818719842515,0.2660815262247067,0
0.6981879777546405,0.30291797357263495,0.09313322576914525,0.8069406977726216,0
0.29202472987269146,0.026640874608178544,1.0380084124951785,0.7270224570698023,2
0.5240923067857027,0.34856345051754223,0.540099315972148,0.37847830258908,0
0.6635469563314503,0.8955607245890566,0.32847178115902803,0.13275671877821676,1
0.23714022584428135,0.2620903810788566,0.3185443432989872,0.434269833948113,1
0.4817935623167467,0.37228039398812107,0.25440127844488303,0.4112724119812656,0
0.5466252789120162,0.5795115688389876,0.38469731979369615,-0.03560502402040999,1
0.12767489543154178,0.47142982161366,0.5203933210020003,1.42146226308677,0
0.36561543071218927,0.13487635984206361,1.0605609475092452,0.6913265120251385,2
0.18928345396366927,0.27599303216405496,0.752294971344054,0.6255006399440299,2
0.341339828500118,0.08203470256955869,-0.28002479655533413,0.45510209703363774,0
0.6489216332512461,0.08418807181817825,0.2970112446843353,0.6885526577012748,0
0.3966354949962615,0.9715249652058249,0.24711389747846532,0.43810453356283935,1
0.2646003218009102,0.2333338367051352,0.9866077811011729,0.7548922227930749,2
-0.1138230149870304,-0.24533802468277488,1.0882274044368438,0.6335668729793593,2
0.49831819621998347,0.6812063034179485,0.4255465068685904,0.47544893254170567,1
0.7369966074780965,0.19583724682841566,0.344358899501057,0.7283994237396597,0
0.7255836242496716,0.12345157011499505,0.1251428571901787,0.47646420970238074,0
-0.009568250116227084,0.12213693422450542,0.43938630984630433,0.5870711756867594,0
0.5076324806308219,0.9353032068644602,0.6150090191523084,0.3417371673980477,1
0.658549782525703,0.6647029094933452,0.5976259516605149,0.5832446001221627,0
0.2783942799159121,0.017651938653907184,0.39778127649523054,0.43499312345239205,0
0.3267556072037725,0.6978261586294462,0.3145048987742229,0.6200264159538365,1
0.42307374000581677,0.20387227577021558,0.7193393747323655,0.5946747462552968,2
0.5488987109018986,0.4475374397458505,0.9780324375666576,0.5339573649187078,2
0.32719740652595625,0.8318767963376545,0.20679742560634445,0.5271612600043147,1
0.2092605359424991,0.9628792913940981,0.7019766529906878,0.6825174131574783,1
0.5721644809838788,0.25624971165415894,1.2016268908236984,0.4538660344089026,2
0.1865399621652447,0.4925944928503477,0.9232739250093565,0.7481186398110302,2
0.10523793469307316,0.28192142237395224,0.8740122519277024,0.7839297891084611,2
0.4846053023970423,0.24132628942336776,1.157566697340373,1.0192292730831092,2
0.12818022149963276,0.39839335373251716,1.0992541901253075,0.687857186838227,2
0.23190089531047853,0.33778746000186965,0.9162185635408336,0.3229765880465791,2
0.2343974323685257,0.2178553824099381,0.796529246133545,0.8844765592489305,0
0.6423917322773449,0.8451358260846403,0.6583688948034915,0.25011179051056837,1
0.46645629305200975,0.8088612924459584,0.7214033370695927,0.1240279182641228,1
0.19707837413220244,0.34145159331420843,0.8755606399040966,0.46172653807778896,2
-0.020168015719261967,0.1191285890757024,0.5578984573592767,0.4384213442220328,2
0.8930330299275544,0.6507783636955995,1.3223306318654124,1.2849255888944529,0
0.3021620875249479,-0.008608042168454844,0.7819893532509085,0.9930592839033164,2
0.334809630229557,0.87354702816715,0.47478782722239543,0.47256287005019576,1
0.5685563477701336,0.729796449991603,-0.18355896529830618,0.483521215583377,0
0.0075583361682863,0.7242688159536883,1.234299667279358,0.12231600420373218,0
0.28599078565850583,0.6332161352491196,0.2396562550441958,0.2666700266830672,1
0.4479743359055797,0.9586626314220628,0.3184112556426755,0.6905970686008507,1
0.022827249933760313,0.060254958772425565,0.9675406977212071,0.7131207997938274,2
0.3496310529279998,0.7950548780005601,0.10460188921328761,0.2544342055929946,1
0.5663226894242368,0.19637018098649545,1.071735783327532,-0.12009878028807258,0
0.30782786862813616,0.6217014045230476,0.7349547155394761,0.08072321671351701,1
0.3741392854357655,0.6545469493910439,0.8191012865408669,0.4949040175091254,2
0.47701020433527896,0.31381126419538574,1.0901062946575422,0.9449883014551432,2
-0.146026460415827,0.42161094985756375,1.1331539749308206,-0.039601433315566426,0
0.6800120672644925,0.7655795947569672,0.34042305897671365,0.3246187265056,1
0.554666340139351,1.1662831846939752,0.5999554321424972,0.5825114791080517,1
0.549661535318559,0.3383942360937777,0.4503379875102084,0.18990551303813416,1
-0.203058832100727,0.5867097961780696,0.7135676045154647,0.35992577171767226,2
0.26483062869905666,0.18219725847456036,0.6818972778133412,0.52242159124568,2
0.3732594750349674,0.3077647280561447,0.8961151587032767,0.285790354297816,2
0.5760276048389956,0.8498704849753824,0.5482922567760704,0.3293585730923638,1
0.5944461428177524,0.5259759300844095,0.7303409535839551,-0.0492506561206042,1
0.3307053991544001,0.7450736623469841,0.4862361170714376,0.06752127694847548,1
0.8047564306504977,0.600841493139017,0.43674911305790204,0.21231625511891075,1
1.2300304585695438,0.3249957264985198,0.951667040887392,0.6235628325158596,0
-0.13051953192050342,-0.06575604049783768,1.1152815282610624,0.5863074328721365,2
0.4558621190700508,0.6220466169136138,0.931145019384396,0.7210435197041193,2
0.33017525160124883,0.2075043078438245,0.6665258767973731,0.7543706269687865,2
0.18089612147710363,-0.1774866085373934,1.0320669977702521,0.8365381025864189,2
0.4984478989577882,0.07437993733552932,-0.07789313228285208,0.30287413813519487,0
0.07625896011853386,0.2547154759668319,1.287414528365078,0.6772357878806118,2
0.3902275077434069,0.5727156563616462,0.7180272439142565,0.9833884019657826,0
-0.035643875676136194,0.23496132780865087,0.17870740837557553,0.29848467368307074,0
0.5284570327744752,0.26475606323346207,0.5948208044035269,0.41483557858079667,0
0.6998284059291234,1.3275494266183836,0.20065793810381416,0.28236430111314353,0
1.017660942839894,0.784397469559867,0.9018591737827785,0.012139516432538196,0
0.3653535841244757,0.3531700352998271,1.1658818865176408,1.0343485457760646,2
0.2722837766804721,0.7610112032026847,0.8044201873632786,0.4817958294745277,1
0.4793172314512812,0.4789452528332186,0.9836286955707216,0.6115063870100337,0
0.22115531058328244,0.6603028160311772,0.8115755857331513,0.6446338008863909,2
-0.1203886972605609,0.33117342812713535,1.027640854456333,0.8551093716048075,2
0.8966554506896757,1.1099055313202557,0.6659300170150791,0.06686907933615588,1
0.35153440105140066,0.47380703336703933,0.8517720262943662,0.858303436969458,2
0.6193178736565782,0.39227148043052223,0.8653289695181169,-0.11544068301521815,0
0.14777905537175673,0.20030335546213585,1.0488165239284712,0.4691670365976054,2
0.47806877288414307,0.8421706493701229,-0.03291224877506893,0.38750152504599056,1
0.35065406690742923,0.13830908388167945,0.9087791749891351,0.49378569205047007,2
0.5593680895031086,0.34565963173381753,0.615782367047736,0.7322392044683685,1
0.12379085828486924,0.635320687130482,0.5885212976922295,0.7480660537590276,0
0.16200066109601774,0.1256506915497827,0.5787217263489748,0.5961515689882712,2
0.588564667095387,0.7198672502707046,0.40882189375456235,0.4802519273499608,1
0.020032340902744306,0.2954008141285445,0.8828800772271727,0.6446129887194778,2
0.7337444557462687,0.07011372553198146,0.3054675909304644,0.4691849618754478,0
0.14631445925361056,0.12821249727523504,0.694893246566754,0.7360142957769038,2
0.07307967867770093,0.43904356901936387,0.6261212770096627,0.6011586377609525,2
0.4740639218023762,0.8627893585714721,0.45267361132613526,0.6066995768440757,1
0.12984242506256455,0.302136349037442,0.49033444854069885,0.5963079946000132,0
0.07135564918249368,0.1017807182403572,0.8816754602608098,0.31154742462690826,2
0.7930123292497103,0.2082362364813366,-0.05395295011788223,0.8855561298781944,0
0.699308355000247,0.4602941085244406,0.5647964274555586,0.8067920616558066,0
0.030687649297021086,0.6436839370693743,0.6797742694471205,0.5809541579223813,2
0.08962925268471869,0.5350641923820154,0.24984184267167708,0.42870718359938664,0
0.3883499994529154,1.014204670623944,0.2695125326369382,0.5081104503361713,0
0.830266375870368,0.13756776841805088,0.45964748791684407,1.037021803288766,0
0.6040165613357023,0.852746084806851,0.7711397991732395,0.9789831760124225,0
0.09880895133749842,0.13379394073563702,0.7689398661456325,0.5270522415660213,2
-0.019355800500975767,0.1941483586209487,0.9779452735382614,0.8549881835890949,2
0.7297571549431299,0.19339706656633207,0.2633112510950344,0.7539582608762947,0
0.7308301384460983,0.4047796784934583,0.48950238601820134,0.8624064890187239,0
0.6876111918537754,0.4758382732383661,0.4851725138856086,0.012642628375129528,1
0.5773655728447413,0.3391191562164541,0.34403145979417193,1.074607041483526,0
0.11514828939971078,-0.07620467925448854,0.5828039037274328,0.9884430892553003,0
0.3175655477995835,0.3394045732593952,0.8200220613758458,0.30796302722764124,0
0.5096216982375867,0.1515384270251563,1.079544322897719,0.6644623843221734,2
0.18356897592718663,0.4270752989018982,1.0703357064846581,0.6525789759731567,2
0.5140623621309537,0.6810734845370345,0.8224389204212318,0.6161965974174979,1
0.4443445989305209,0.02508780039181019,0.673179627452863,0.18369425201340822,2
0.3558719126364358,0.43299383341843145,0.7652610891009558,0.3346482621829936,2
0.567978917347892,0.6238862280126174,0.8597044548352197,0.425011414091221,0
0.08962172730044121,1.1656841096102473,0.6370038193126033,0.973389832284284,0
0.13396816004524476,0.15743983373376103,-0.06762240078615622,0.9903947603369864,0
-0.15591157065701877,0.3824189314855034,0.821757967729837,0.3226532792393497,2
0.3225519990243837,0.5109035413731677,0.9623518684982909,0.013983595113853886,0
0.6192035762488187,0.675718915204112,0.5050612926943203,0.1330873294514211,1
0.564248823981878,0.3151890412769368,0.7257828544855731,0.2960358918871224,0
0.37960858677805054,0.6944875007623481,0.5164231579997579,0.5068770912780106,1
0.642747202517436,0.8701294427260368,-0.13170669203906538,0.19187397064609946,0
0.7595105537337328,0.4715121622153132,1.06146379509333,-0.04592587588379843,0
0.7759401980168446,1.0533220054376997,0.2091904400786514,0.24680455207559324,0
0.3141337741974761,0.8120568219954237,0.6822308609333327,0.5755403089966153,1
0.5047654338201953,0.8634576769949545,0.6011523835839181,0.5317220958158656,1
0.10080395379381143,0.5017898910217027,0.5586679909002992,1.143347014744362,2
0.6174309522174377,0.2786958731635766,0.8703673751953241,0.6352201145277662,2
0.4226130821967675,0.7089614744796264,0.11373444523679102,0.5506830000511543,0
0.6111036976751273,0.2731162803789382,0.686066778116678,0.8074758574882511,0
-0.021942272211003228,0.8653384656971845,0.029348084722965684,0.17193096298751315,0
0.4612373660720156,0.819766159185988,0.24511677309807797,0.6036575966791078,1
0.33060306238451553,0.25318909068747664,0.6747963900349803,0.2514878419330539,2
1.275118968571677,1.2401650332338987,0.5137307837268035,0.7158227912525847,1
-0.03188599232303038,0.28461193208566476,0.9058416970215356,0.3815419661279582,2
0.5713226154112079,0.5586227435544822,0.5105891217200386,0.7354674872239821,1
0.22162837469088115,0.04522349320858074,0.7608316995371295,0.896217831102142,2
0.21022600284687734,0.24941852360507194,1.0311590783955313,0.8993484031144748,2
1.0377074496447407,0.6543305081859996,0.4259779066076481,0.8578456364360899,0
0.5569587080144565,-0.017633195826698256,0.027344881818572864,0.6094344642494255,0
0.9022755391122392,-0.008979185669601555,0.7079227282299059,-0.22005824208595254,0
0.570626224081096,0.701720665178154,0.4866004639897732,0.0713530389768331,1
0.7818501809379719,0.6944759453655021,0.5707459986432477,-0.008245410055834956,1
0.7355517203731137,0.34322878276008095,1.00787363486155,0.6457386981405951,2
0.6827632603027619,0.43519466090928305,0.1832341388867759,0.6035445448786301,0
0.49812924643826123,1.097703632308137,0.5788833023522593,0.19361967009626882,1
0.23781592154989684,0.2276537107197696,0.8321364900223059,0.5743268247714094,2
0.7269299254466879,0.6051051311742175,0.08791157094101637,0.05993975527629458,1
0.5925853145788634,0.6247231144646244,0.3496040432131189,0.5850008649779743,1
0.30829561846342335,0.18253082207588062,0.871372609259813,0.39935496613037413,2
0.6984516141058845,0.7220481252792471,0.6105375393506706,0.08931479503075161,0
0.4984772229101484,0.6665185242190332,0.7303584165574409,0.301789622444533,1
-0.04169360556613666,0.38041600210555765,0.8277971259201523,1.0159517126534465,2
0.18273064834410227,-0.05607897642896659,0.940291360170932,0.7222663035601896,2
0.08857893362633881,0.04678696833990953,0.41072252469551984,0.8263701009988467,0
0.5739427432796314,0.9456486657241059,0.5348887497536283,0.3614520535975001,1
0.5371614049575135,0.6419902777583796,0.21165108058113546,0.430164291734529,1
0.40462704043688585,0.9355392061173047,0.5145867611979196,0.41474296558289697,1
0.5023640272583954,-0.0023175161166256175,0.7985380150963275,0.4677959583389275,2
0.3150899965921714,0.6398870036485027,0.5266896428572032,0.23083098541816216,1
0.5348997661976865,0.5861423549092619,0.1916851171456569,0.5701368602755351,1
0.5943865902372736,0.8246868331232291,0.6807931462889989,0.10218403578357993,1
0.8290378940886133,0.287204062899327,0.5313622739319885,0.8590824409764198,0
0.44613991468723324,0.79128572161284,0.40467097274513886,0.4548391432964911,1
0.007119696573520311,0.22376999923757152,0.7490524730569188,0.026070215781146773,0
0.30307254605718037,0.6753297387144458,0.5088984789825425,0.2585802347907,1
0.16000507625582028,0.2657055020487275,1.116993182158908,0.49624344729333725,2
0.8862073795294259,0.860065759754554,0.46004795411000104,0.45913534783779525,1
0.500815625927017,0.8271536878093348,0.28138279928788745,0.13796379568673142,1
0.9750545295450181,0.28620544461436903,0.5155960745535961,0.7987890146183482,0
0.641236341989367,0.6255086649357967,0.9803660364634436,0.3286755350647124,0
0.22689413712807024,0.7127908885997212,0.6966807663296416,0.18727742831052674,0
0.5548158497426496,0.565209385274184,0.40365954918521163,1.0911233282436825,0
0.816891871974909,0.66283522342229,0.6188833215641996,0.368774609840574,1
0.18184731770047097,0.8632066833893197,0.4772450784750658,0.4457091124440819,1
0.873228099062856,0.567229623848629,-0.04253535782368513,0.3792958837549577,0
0.05978780034078757,0.3257838337607993,0.764958978732716,0.7386380313926103,2
0.17623860645685718,0.16496450911102806,0.49042074412362713,0.7423781934800067,0
0.7185207739784355,0.4679517863884297,0.7064522079067941,0.3993517826154463,0
0.5732112491684265,0.6587492837382309,0.9220851899610281,0.4559613908566949,1
0.1890782507548968,0.14301003632025422,1.1456255723147262,0.45159700081559023,2
0.6715358243131995,1.1573989168023324,0.38077757959047337,0.42293474870683506,1
0.30170321250814097,0.12734138537811412,0.5754389722157209,0.8449713031237815,0
-0.053656607032905035,0.08770093277802779,1.1584176175085183,0.9005574067561288,2
0.13955820351125225,0.4058193866118657,0.6534934820910396,0.7089220615156803,0
0.44377030108706983,0.6268171084065222,0.547706182047605,0.09971036096562635,1
0.4410342183371438,0.6510857569065888,0.2171269555555852,0.5196589599347848,1
0.7562974424101412,0.8846069451045162,0.28394065793049583,0.09494080426625895,1
0.04628337153975928,0.40725349988236337,1.0073889179249285,0.35837475839817556,2
0.3620089683947225,0.4394644224520461,0.4988049668398314,0.5865296521469465,2
0.21472125038253975,0.6134300783139746,0.6495333386931428,0.39615053113832854,1
0.008298891525792718,0.31664706802094317,0.3795110632318278,0.6278478365483678,0
0.08384781011003115,0.11298093311549642,0.8852409160626697,0.9659601006762204,2
0.5028550553982856,0.5754604784941952,0.5483000319741617,1.2529476324567197,0
0.48354629339016253,0.2756865748616911,0.2591515568937015,0.6306741211822112,0
0.7032497872336473,0.3761058211022801,0.6367754002244508,0.08874430213580187,1
0.4490413870309323,0.9099239215379542,0.6501807355327007,0.32540830227606915,1
0.3634857599914064,0.06412309083365392,0.9112441706689361,0.6310569972113803,2
0.04405884564017115,0.5761020202413755,0.5070959230738796,0.6718520056376625,1
1.1205964189594002,0.3553982842823658,0.4356108068620357,0.5625663685502149,0
0.5318374404923313,0.7970153037744181,0.17964221529354973,0.4335759854973896,1
0.69493170659609,0.9554037277032986,0.37474019507438316,0.33355488622904117,1
0.650775726801445,0.3445113767534846,0.40654082462298324,0.8189080894114258,1
0.43590917729856876,0.43815096610779414,0.8247779088640862,0.1393444079820363,0
0.26168705443841495,0.051618374904843334,1.1925598532148651,0.5511277378278094,2
-0.1187538498847277,0.253944209695688,0.33988014056091387,-0.3168935862362603,0
1.116304443091093,0.4234399760365919,-0.14040627687525395,0.4453358388163219,0
0.776826229018166,0.7954182730709393,0.4878170275651555,0.7283411913744644,1
0.331937374490059,0.08533472882585844,0.5208558883822341,0.8547825571661141,0
0.2725875756385009,-0.04279130184495883,0.9818342476022819,0.597801896167193,2
0.316502543400289,0.6847681252521655,0.9867686430202036,0.3722646822929022,2
0.2474812890501641,0.15100625165548393,0.8551083880313329,0.7466868663361571,2
0.540891730751242,0.44421625623918104,0.3210428088815941,0.20911012613098995,1
0.3158430124260555,1.1648637902921377,0.16319937676151897,0.6548984465770596,0
0.5207743427678322,1.2604855263526322,1.1115828180786085,0.7747158789796244,0
0.4944918067572063,0.5783788109136936,0.3979920942999698,-0.057599863527511216,0
0.3747281547413778,-0.06264408403816768,1.0341753918993042,0.8192802761071157,2
0.5115438834013974,0.918830923042593,0.0716569287011555,0.7409395249249485,0
0.5637089978441483,0.6211462566477092,0.5035807046725859,0.34222065315841055,1
0.17226106104176286,0.8997213800693099,0.511676368282517,0.08685793342190767,1
-0.17141881943748627,0.3005960478734663,0.8074886635452332,0.6487845921870081,2
0.5419931690531292,0.6094686752929696,0.5980554460834985,0.11613211589048905,1
0.22509355292865624,0.4625716159230751,0.7310982589307692,0.5013222581004712,1
0.25620958842628744,0.4506337818302324,1.15649396127932,0.4687949349862834,2
0.3485831631512958,0.8875880229173693,0.16113004041511633,0.34843987056544656,0
0.5057102527489994,0.7665032385444136,0.0958511066473205,0.17603023646157606,1
0.5461023125179327,0.47539072876612265,1.208018243506975,0.6450297894355927,2
0.4933158139516329,0.5048633447740328,0.38843616859806296,0.5836201176547596,0
0.5717234192466055,0.2839735152225247,0.8331892715811847,0.7083189729925639,2
0.5586478096897708,0.9461977139942733,0.09603750801494568,0.5180169103205311,0
0.39099887327453786,-0.2074032834548718,0.9661041153713776,0.518687511393064,2
0.37301696154973263,1.067436509827623,0.5928675781210939,0.2881375775857533,1
0.6671277545502807,0.8635080032616359,0.28302760966903484,0.11253367519110324,1
0.6439416201876527,0.22483471093146887,0.08973651861894749,0.7952916829131031,0
0.5809778990254453,0.5979528122742863,0.5212188024263503,0.9994233086252318,0
0.23638374226664677,0.8955720427615177,0.29237924648192626,0.021705080356848094,1
0.9141401258878111,0.987770886049132,0.552103533282303,0.33492559299180413,1
0.5204686145061718,0.697518610239577,0.5280300696952682,0.3275724970782201,1
-0.04634100265743407,0.2302688593176939,0.5049943191324455,0.3751021303061868,2
0.6558751633794772,0.35163088772405543,1.0710313874823942,0.8031585633711092,2
0.22896448450437773,0.5314769809161528,0.12886617150694082,0.9959096302635418,0
1.2435748156436262,0.8861555931138888,0.30304862833665236,0.4572386393626765,0
0.7618634039801493,0.7283701470048853,0.447856330521958,0.4536569710547068,1
0.028874927428251013,0.6029650560767549,0.45536010906106716,0.13382246750052967,0
-0.03964906078719012,0.3259780109847375,0.7227853082415273,1.037624644644564,0
-0.10364956051811097,0.4272421865969732,1.384506488769211,0.8187974872827521,2
0.4385289516165949,0.5273411198181348,0.41971788552036426,0.20108991694353168,1
1.045646828959062,1.1538984578449747,0.42347980595158535,0.3080811793074231,0
0.35808707278095864,0.7986347127657958,0.4885623711451284,0.25226287937205993,1
0.2296721317300617,-0.13068267501222694,0.6239117139257555,0.5648966791933085,0
0.2552660486890489,0.33456467367520165,0.9166042881208376,0.5719719085856683,2
0.5947335284846579,0.7939265877095778,0.3786925250234612,0.7155247740834592,0
0.05826185211396459,-0.046187387559385285,0.732742811771456,0.1425017959162378,2
0.8530359038120761,0.8042619458437124,0.34438998423660494,0.8258601443977616,0
0.27129698391938384,0.29032164986799525,0.9349877204362284,0.8175564870720171,2
0.6136760141906118,0.9294091399319312,0.4999672252108791,0.2693449795514261,1
0.750352826519386,0.3160975354240056,0.03303340396611143,0.44305533361446403,1
0.35201052298476054,0.4930878068446489,0.7752626871634073,0.5917063022912902,2
0.5461794408902716,0.8309561368370467,0.24975519369608587,0.886140832501041,0
0.44141728542151626,0.7948985885841292,0.5739213350115703,0.03514694997964142,0
0.7756297039481546,0.7980932280471661,0.10300532323927691,-0.08904854010749569,1
0.38973774106681913,0.6298326721315601,0.59677505265536,0.4992362319249337,1
0.2620414012030125,1.1101407877907983,0.5682199185054871,0.475530699025797,1
0.4012334772742165,0.6588989726482392,0.7022837382674518,0.44165208150654195,1
0.3002809885847414,0.3738615597091299,1.0334915290689337,0.5392257821348183,2
0.5242478255864653,0.8250556892506091,0.29012134093333897,0.06345132241457441,1
0.251831648041342,0.5398493360524845,0.7837139521371619,0.6165266800442364,0
0.02548047179156926,0.09244139613498137,0.6898293097202035,0.3438109209455396,2
-0.22850297188906366,0.5293938502785707,1.2733342397049674,0.7082035282974569,0
0.7501443180550267,0.7186120650010916,0.825234760376063,0.25473074472289253,1
0.3981446666150566,0.905931246211692,0.12258769526970836,0.5182712692093407,1
0.5629862719872781,0.5826673228274063,0.4296759078797823,0.1319942283801952,1
0.21574124510140238,0.36790029596739926,0.8416849965117932,0.5181294505790175,2
0.6693681103270313,0.740728318389305,1.303638154329011,0.36247659380291947,0
0.3023274968613699,0.07196586507750538,1.1267628204525337,0.6324117075799448,2
0.8732785252248979,-0.06674032002940389,0.16170727296829984,0.5155766067635359,0
0.027073218850937913,0.47128580527022224,1.3441348188494877,0.5679152026762282,2
0.5289021885903669,0.07704826096656317,1.1019235055491492,0.5311823920515029,2
0.660118714391547,0.6193882006990267,0.6394334025858253,0.5666936644526059,0
-0.12658027334410643,0.25243588637257586,0.6263301556531742,0.7414975404532176,2
0.29297237921937835,0.8156541284396323,0.4170818913567547,0.1986093140587275,1
0.41031706158745496,0.06725575294059971,1.0581076754994156,0.46811526009934745,2
0.6043608584005045,0.6259807543446563,0.7509070560381474,0.2996548941136229,1
0.7309170852501324,0.8548473081524989,0.6341612419410596,0.8305838977493627,0
0.3336797665343548,0.8301390268805735,0.711710135972672,0.4378520620684684,1
0.3139907823840493,0.24077181190142088,0.6018285212738969,0.42922455486782735,2
0.8241212932207378,0.8200121090849063,0.11030290056205372,0.5857183916123349,1
-0.1390466501930122,0.511981767424047,0.5613431726531564,0.7784982090622025,0
0.8825302750912867,0.7214776019566321,0.8255606182743171,0.4561347437859786,0
0.36233633077446303,0.3613427584136575,0.8855674726426815,0.5559398231771953,2
0.40932459793622705,0.12232250475164066,0.8551077393456171,0.6256987379141374,2
0.30332137309145457,0.8997799004118675,0.4528242479953718,0.9778284214229888,0
0.2677069360421648,-0.16042218920699802,1.0759158327661704,0.8626816718845464,2
0.459198932124598,1.0498794249981782,0.5605930637335899,0.630104270327099,1
0.04441763386753971,0.27926620415142517,1.0118444928677097,0.2360376894052636,0
-0.004222042625441624,0.05376192128802071,-0.009829296203889268,0.875088908787044,0
0.424076305396499,0.5788052347571057,0.5263416730617975,0.6173903778293205,1
0.021068464716761603,0.26719023375232104,1.110302078301489,0.3904510086979154,2
0.4040203927246305,0.3517750309929819,1.1116401512239884,0.3514609805847358,2
0.6549229473969924,0.9164610372999628,0.44437056918854034,0.2553894777976504,1
0.5733519131515515,0.6509119551894214,0.3771439942219222,0.9697770094023113,0
0.6610972419506846,0.8410608630595243,0.40379455648530926,0.27738386322272995,1
0.2137448416805977,0.3279868511722297,0.30147998926473574,0.3765256353937794,0
0.06532216658286374,0.15536877199558408,0.9775377405646296,0.9183418461612134,2
0.39118792347266385,0.7195369151532374,-0.28202592597155257,0.1934668824831256,0
-0.052901989290021545,0.25386457856943784,1.0503096610749711,0.7146254891159555,2
1.1427054975102047,0.17689207630718257,0.8407893209889223,0.5703664260270342,0
0.7940931822035636,0.8833199187135387,0.45298480604302893,0.7355510828140884,0
0.42897787692770173,0.6509028386892852,0.7604793428740605,0.49638985452530116,0
0.7379822311836024,0.5930232738144217,0.16171064368876076,0.5892896442206425,1
0.42687021548235515,0.48982263457887404,0.7029249091144594,0.09183133243384178,1
0.7396312724676061,1.2361071396837882,0.45109542249783324,0.6143020615690951,1
0.17045358112452172,0.5672934866880741,0.9640482164620027,0.3678375934794046,2
0.9266927471012703,1.250002961735303,0.4249769300476701,1.0987258459344522,0
1.0218340140069824,0.6191611572101111,0.3109972715506427,0.9460737524812154,0
0.5879639018606232,0.06049600305206182,0.792299976625497,0.6065043228406811,2
0.31273707094677344,-0.0007924092687371376,0.4934862357969727,0.7230400913453917,2
0.2726697440454635,0.1947400919186628,0.8657033521755139,0.531450365669667,2
0.17236870098997034,0.21430732395562826,0.8405253250698534,0.7479841306713768,2
0.5327068008455721,0.18547658134129774,0.8727342486126134,0.5597444527457491,2
0.7245630288618524,0.8908530729748871,0.6600183180961783,0.5001655112587491,1
0.021984200175737212,0.08955457273870526,0.46949078047069426,0.38619642745136845,2
0.29979775572702444,0.3140409258081207,0.6561235357629865,0.6822492918164811,2
0.32008117354352283,1.1927768989943648,0.7130840357164103,0.5097553378160344,1
0.23759676273279415,0.07998794081934824,0.592535857036794,0.7317221951883912,2
0.47720730139285455,0.2437166603799475,0.8583016612324514,0.5682391052735186,2
0.6214886916560834,0.17995974049950703,0.3299676440547637,0.7965112650794257,0
0.5365165663172246,0.7859567261919649,0.553428572018405,0.657409764434498,1
0.48433872773792847,0.33077916834350474,1.1003349144163126,0.964239461653933,2
0.09877765083255782,0.5273378548238947,1.054338943957298,0.6686476908892721,2
0.36274972354388024,0.6437753690117053,0.6216469081730756,0.6210687754417352,2
0.32157428856944,1.209133528106857,0.46570512365090677,0.2273713312118711,1
0.6316089029776104,0.5177014029708669,0.7877601884066034,0.37450317169689823,0
0.25848021796624204,0.2102339723888204,0.7831695741389163,0.8322698098551274,2
0.24614701585408383,0.4200900671412984,1.1249713464547306,0.5128819261516265,2
0.35738037812571677,0.660176719149216,0.1441013057997365,0.6940477984519979,1
0.05247040268876567,0.4606356453782609,1.1200411546753082,0.33846552017728987,0
-0.14628777088758071,0.23744059707650636,0.8522801799611837,0.5244325495756743,2
0.30125216689655926,0.1064539190621972,0.46290201301776923,0.5734138494329565,2
0.8361377391891577,0.871599133127692,0.8944044964751903,0.28670394067918265,0
0.26074777946814653,0.37123517618522917,1.0160513538965217,0.5069859057747718,2
0.507796521100707,0.3678522791830877,0.12382742562697563,-0.003853371474952072,1
0.10616149297115302,0.02361771015769709,0.5077892447495296,0.7300381131573815,2
0.2608348179867807,-0.31613976387167686,0.9540824412659175,0.5540166155102587,2
-0.024522047858647533,0.8213641685024272,0.7500714889082072,-0.49616081721890537,0
0.9166306378132292,0.6791679601809895,0.5348166348619571,0.5435523622177201,1
0.5427846190556258,0.7083217806627847,0.3812497558668838,0.30662500561869654,1
0.5787933119968002,1.1929662393917173,0.3042722678892136,0.329570508091252,1
0.28564846812141886,0.312770398246176,1.2363930168203323,0.5327462226294231,2
0.8801326197104269,0.4858980166880918,0.3957090972106472,0.08420453348749923,1
0.5692090542307116,0.6843900170059152,0.7269903885257072,0.6586269027538447,1
0.14626882243967598,-0.11710824365265832,0.047716421946509366,-0.10564868443283104,0
0.07203986478624136,-0.125812285109962,0.9061902602473496,0.8727937435622226,2
0.20949181563432284,0.8097691743797262,0.4018424615997962,0.2700928171173528,0
0.4259949237703554,0.8607715761633331,0.1486198540797628,0.3915463472480273,1
0.06347137401462555,-0.04462741954622007,1.1175654486245286,0.5139901722878004,2
1.0799699833957717,0.020290588611420652,0.7299851120010084,0.31030227698687896,0
0.02340670963829522,0.813931536243528,-0.10785969959208347,0.35124665560978857,0
0.05339537248909498,0.9234494074371375,0.614033093167719,0.5348215940010477,1
-0.05827326553514439,0.09087852034075952,0.5499515582650134,0.5863067237386902,2
0.5686519225289633,0.4864776066718874,-0.11886392943769086,0.7850237142179064,0
-0.08024252800612214,0.2704023036822093,1.1600896788740958,0.6109974684433858,2
0.6404451452121905,0.09590607905190807,1.173797449149707,0.848550083445379,2
0.1957001271388439,0.22590134944355927,0.4863557299306129,0.5807522337206135,2
-0.1311572467469726,0.024273054069556182,0.8279866187905636,0.5323051840021473,2
0.6171222463207438,0.30960523408901647,0.3224720120403046,0.2619354077131943,0
0.7443896048248921,0.2215300471784789,0.14142920782318052,0.7454401417905054,0
-0.009859462314032674,0.5515437593279311,0.52789097059802,0.3296482758112802,0
0.3220379136045439,0.3455569859514261,0.9730258512591416,0.6009048615400908,2
0.02817086471152863,0.19911159017370422,0.8799645551551954,0.5897073968493017,2
-0.05313484967155377,0.8963238853425064,-0.45471454337069583,0.2189043575789069,0
1.024409465141292,0.689946081842292,0.23724407648281523,0.3625116578837128,1
-0.050206429228561555,0.6404449411444817,0.8241470784138359,0.6373774634291267,2
0.5015638803876131,0.6926311630676227,0.43543419238399395,0.250670820614433,1
0.23262226290218657,0.8101134522836495,0.42813917362792786,0.5104084032698422,1
0.472092133080834,1.289252137814485,0.12989130151710554,0.18504034702370098,0
0.15861535781802416,0.5140035879269467,1.0009604880050893,0.4210515263782648,2
0.14924229778285575,0.23270568626483976,0.6152923246100568,0.48945758910811854,2
0.5652357079518391,0.07502176497134103,0.8062006741210774,0.3540017335827788,0
1.0155867158955967,0.11323393543039201,0.5176850425989282,0.5255336616997421,0
-0.02747590346303816,0.6319324994817518,0.8238846616179855,0.05710847983860484,0
0.7153893571036569,0.6088826526589813,1.0473954305544027,0.3921286076771239,0
0.654516972439805,0.8814559518807777,0.585144093140967,0.23504302601869514,1
0.644395012489323,0.7007232821995153,0.3916495215505767,0.40544547129309005,1
0.3657760288249796,0.11502986598332393,0.6147504341794922,0.9903326082240292,0
0.33975597579547057,0.6584268429632045,0.6181665374636536,0.2998764675365392,1
0.4466749185906814,0.5164868898970268,0.5791155942569601,0.400272614098769,1
0.8710057059180009,0.39143361802299087,1.0987721318916,0.5045252136821562,0
0.8243696067220061,0.7987176201293205,0.6962994226147037,0.4095279860380583,0
-0.1352576857544165,0.1057382927088345,1.0809344155729679,0.39424000969423223,2
0.9002444893018432,0.6805542404815242,0.2690764014436423,-0.0057484793454429806,0
0.18613674732045282,-0.06812574944954392,0.11386684712159806,0.8104552467574655,0
0.5535228938892124,0.25774627058140354,0.9421612599653102,0.8582625041060761,0
0.5365163505208592,0.9107987037048074,0.29512956457025896,0.27219187013954677,1
0.5498504067291847,0.5622588647059782,0.3084033069491219,0.9402642634388912,0
0.5277440734370368,0.966102906831323,0.16287326963329363,0.3263314852055422,1
0.33701241873576915,0.3963698669756395,0.5367051343320153,1.2052150538107516,0
0.7497170819192379,0.2623505300138072,0.43791945476866057,0.5444205080119064,2
0.6138680049541745,0.4987093253544201,0.95124865345091,0.17175980907257832,0
0.2944944665770556,0.5285297305959118,0.6884408275852536,0.5301658070375448,2
0.5090502780787353,1.1138224961672885,0.4906083262014178,0.2810932203004531,1
0.20194170951786405,0.18002265642855336,0.5528031533573972,0.3427576776979273,0
0.21244102138734441,0.303495535332054,0.7509236805611023,0.7152470597794646,2
0.8108747705801495,0.9395282558012845,0.4392746430365947,0.669957551583025,0
0.4185781211794468,0.7301920355681257,0.6657116266875838,0.052345312462210525,1
0.4065150078920098,0.7954352957884852,0.6964534138993628,0.2553698170267994,1
0.04152653763321254,0.050813420553653316,0.7067618421931634,0.3299857947492855,2
0.5159746884555544,0.5673508321401668,0.6672064378099227,0.19896308123691983,1
0.11228121051513988,0.0776756068629205,0.6863535541657984,0.6914161268888986,2
0.06276113795930294,0.988630704090288,0.21242467515731045,0.6362427117403249,0
-0.11395348131893762,0.22063906782927642,0.7440198344428022,0.6268958253405291,2
0.2919449583532127,0.1675127224891328,0.6145545787594188,0.33878921730342815,0
0.6185013013739351,0.21526353766137998,1.0245661540321562,0.729304096397626,2
-0.11823625337177351,0.3867792398317711,1.0584039024288687,0.27822690221487084,2
-0.15166069305119356,0.22007847781969858,0.8402765996715171,0.6538223374704901,2
0.32817135739943365,0.7293756430636633,0.2799428705134101,0.5626673504803663,1
0.06941961602699565,0.05869057246765374,0.1050410964158422,-0.2829682612788543,0
-0.029366302380705173,0.56473726156741,0.9506502649247337,0.3414675768749647,2
0.500279095340485,0.19006199787077765,0.44372981788196897,0.6814062194152243,0
0.5177757694722762,0.30555018408317236,1.1014493130372076,0.3365552604197142,2
0.9911741596225183,1.0588706951212767,0.29957964934736486,1.121917900897084,0
0.49266882501661247,0.6906445107170208,0.7011729587627804,0.32308603739640307,1
0.3353050248519865,1.044377924595234,0.7542362024248639,0.40762201156386396,1
-0.08651281742321137,0.7676977329020614,0.6521410211852089,0.3694235893583329,1
0.46081069886426107,1.0305570945567242,0.5225161632596109,0.21478941926101713,1
0.3897857077450251,-0.1888858230339332,0.7974887004084594,0.48242179845678823,2
0.3302215277024208,0.4106744107200885,0.8966650385565396,0.5444775392814487,2
0.43171564041593646,0.42458213585905513,0.4399017205853266,0.5962259511156054,2
0.7805790750888986,0.8207115838570436,0.35382321473133915,0.4628529231058393,1
0.3036806678498174,0.8962532970916195,0.21070507418417805,0.49265338884258125,1
0.493977163444458,0.953375895723496,0.4680908392267905,0.42158552832258905,1
0.4873734898482462,0.3874292362532416,1.2213095996300658,0.5583872283692396,2
0.750670921818783,0.9444581038642597,0.513514514431309,0.11318747610354996,1
0.584381656772545,0.727585857571958,0.6621401917652342,-0.059401037127105566,0
1.0722105216867448,0.2209391901190078,0.7310837957572026,0.21562246062835866,0
0.5742680576416281,0.8497478394804182,0.41207819550869096,0.4658084981791276,1
0.61402280803593,0.8925220851124406,0.2642360839930671,0.4150467882282437,1
0.26612205126501953,0.3720745562087956,1.113188888200188,0.8370159351864253,2
0.687328412392179,0.647623301295546,0.6145462788733962,0.07985292994920312,1
0.41357161436252293,0.6394416786885502,0.44376535635123127,0.5784820450181675,1
0.07816637827021053,0.5481426853997458,1.0874295895347292,0.6213849864268891,2
0.1145176137656283,0.3680519535913744,1.0512525927957665,0.3467401343660266,2
0.9396951091729703,0.28772903552819484,0.062330462113069196,0.6584198375430944,0
0.20863605125244905,0.6912483712814663,0.16544459081502733,0.2574459149017745,0
0.9083328620068631,0.866667549581241,0.35332717546717696,0.05252993594256389,1
0.48720698579851257,0.4770602511998438,0.27457359235948187,0.4842378674212003,1
0.6352196234934666,0.9517855160928506,0.8805854538216531,0.4636130621737272,1
-0.14150933338960714,0.859965097662753,0.6607384667262514,0.7618647930426774,0
0.4518928157234326,0.48215183044783505,0.72673640603959,0.46900208887844674,0
0.21510169520626132,-0.11580835597506361,0.5773080704637864,0.6275827314279242,0
0.360459048400982,0.7222402805240691,1.0922683738484178,0.9265705748171797,2
0.5618798306553379,0.7995924441181638,0.5642403297050983,0.23715404861344141,1
0.02223678386133479,0.5114395104162172,1.0255835231497588,0.6035160507851739,2
0.3055389897573083,0.0336285967197556,0.906661245363994,0.5626436762087597,2
0.031859132280525865,0.6171754680689381,0.8919604958724165,0.7270192244557879,2
0.41945814266214365,0.20098960833042182,0.9997507739013081,0.19057732027039231,2
0.4320261277683209,0.557745912086087,0.3002928785586799,0.5457191220498019,1
0.033898967181097917,0.4867456702977038,1.1647767348810507,0.3410227404184532,2
0.40953825742370226,0.813550862194623,0.6748732220626944,0.32777444099388453,1
0.46784265273158876,0.09063052090856491,0.9734466673980181,0.9307190648386252,2
0.05494050924213695,0.027539474690049637,0.6966000794364076,0.9034516328375258,2
0.2845789942978769,0.5037476558744501,1.0615132028951486,0.3291611917745269,0
0.39183749800735157,0.4831190010268882,0.8441677402295269,0.5275858417780909,2
0.6521416746050508,0.03465500600679006,-0.09508261617302277,0.4934824434537038,0
0.5275917651596195,0.9181471267316036,0.5960601735334571,0.2055481404133131,1
0.06008873659993674,0.4072931379992662,1.0188830816531602,0.40885019345448603,2
0.7179064730122284,0.6586939201642794,0.596748600964612,0.17116905687273348,0
0.3475045758464802,0.3808105372539114,0.945876265380548,0.6613833865107924,2
0.47188790428053584,1.109738697983691,0.31546094729251484,0.45248827124425167,1
0.24504011101830994,0.07281933698313736,1.1660552332667495,0.5712017093057737,2
0.8061711957347912,0.48043950254996504,0.15487529775386316,0.29090127994497916,0
0.6178503415872635,0.5270876940982527,0.8817471655646761,0.12537471993849905,0
0.07121823813084074,0.42151236354653077,0.8509215400774853,0.28973954861616336,2
0.7733161297807476,1.080107365211311,0.8066307280564013,0.4096652555764261,1
0.28847907717422416,0.7178845755530683,0.14295414562911596,0.39989818989608933,1
0.4887422922849087,0.7392473206703516,0.32425465586329993,0.21962091732035643,1
0.6833811609924906,0.3221787756029293,1.0469454569305325,0.227961511781836,0
1.0206202641605562,0.18592822900910722,0.6310340948546543,0.49130474169428134,0
-0.09537216455804698,0.08839110534851582,0.8666415817502209,0.2799262248580667,2
0.6502361088615279,0.7707486913058816,0.4510438170293968,0.5476994741311565,1
0.058480612776077745,0.005754808671111389,0.7434472847457552,0.883136887007366,2
0.5040510403921654,0.2823583389648553,0.12289741706390267,0.2382486077584391,0
0.46460244622202185,0.42188990163070345,0.1592265109430946,0.5147960472214345,1
0.6943070613455451,0.6165659782978996,0.09910318883873209,0.9010785708757533,0
0.7042317798369995,0.7712720257177258,0.4272977290030443,0.32934392744822794,1
-0.2637563242424756,0.7684336755573596,0.4486624039242443,0.982362819150194,0
0.6347842742107223,0.6234542425731743,0.3185394388076756,0.7301677017671556,1
0.32980831095816043,0.8430353948666169,0.40060229090049937,0.7696812055258251,1
0.28189723480416096,0.5214281383285726,0.27680220029730174,0.526032338007532,1
0.8560443480943163,0.12014611983176707,0.34292700560729117,0.7299383940960148,0
0.21373003567556778,0.32684974510236864,1.2077109168316937,0.2559444328774164,2
0.25551484792316786,0.7585260775438651,0.023010841538833038,0.19953700930783172,1
0.18903312294036717,-0.07874428074797002,0.6347899634816696,0.1527014570084722,2
0.4076143748555423,0.31830201447095674,0.9425485509943687,0.7995471422240441,2
0.5021609455829734,0.612877891549158,0.3030343360755264,0.7316166323026485,1
0.4140450381046066,0.6597276487316801,0.41012985479467523,0.5386291691042089,1
0.00468459914638189,0.16851974526731506,1.3118883448373082,0.5385782956158336,2
0.9526445394042856,0.2852824986585916,0.18403554978557995,-0.13508171319078413,0
0.6602218995823412,0.7693498450999484,0.4768455856281585,0.4200779306381869,1
0.6261805889463797,0.4298825455726795,0.41040864235176616,0.1862448844000151,1
0.3650052564225795,0.11732646011051781,0.6743041335034821,0.5520339196001041,2
0.5635782503598508,1.0911916888149562,0.36057684117958166,0.4625169268875808,1
1.1292725522652944,0.6521600502965585,-0.07645713542305743,0.45661377587718344,0
0.516497910779516,0.5737276661077472,0.1152969328342659,0.225385951572018,1
0.7243842485366799,0.7703655131182336,0.5111702548375112,-0.04179503299849996,1
-0.13821359572415415,0.3310966113758227,0.5145585722184424,0.6697005842421879,0
0.5636060729227185,0.36409489818073054,1.1192170175856822,0.7590505178832012,2
0.05214653883884046,0.7139025912827666,0.4173085522211568,0.2871924655245346,1
0.2656552990051345,0.5428928393458816,0.6041108592035869,0.27280646238749945,1
0.2522683394399958,0.4962308208391932,0.23074744883108575,0.8416016567140562,0
0.20043677807961746,0.7715612303313673,0.3375543574924472,0.3800531630418581,1
0.7288589289728887,0.6331306201745479,0.7342642467369674,0.12520789337856547,1
0.6933285561529939,0.6824100950399782,0.5464967588785288,0.5748427470129901,1
0.36149747100965846,0.34457185292739945,0.05876681287697397,0.2583692797846579,0
0.22511083392344375,1.040260007883489,0.41734654483798395,-0.23887533826735025,0
0.395403503221615,0.7325390698386339,0.5162008592909264,0.2932260855975722,1
-0.15204171446144737,0.19604882148524655,0.7475474694047171,0.5643238623303474,2
0.9180582210885971,0.9049151334974209,0.10883369637197127,0.14500783315554816,0
1.0910790682110467,0.6583585233561722,0.3331423051042659,0.6717479348063776,1
0.49658039200669285,0.41133557937352067,0.5649607064011956,0.7303524906144826,1
0.4116356165211833,1.0299169469053486,0.5159050929307167,0.5071550119496939,1
0.12024593277874354,0.6281192864057956,0.7285956414266095,0.32829998593747717,2
0.3236595736773336,0.2049971588892385,1.2130903773136597,0.7306717807783918,2
0.4903284539717378,0.6915890558211946,0.31522261775979643,0.44918179561136407,1
0.460280375880702,0.9246352091154861,0.5723892100630599,0.3260135868910809,1
0.33066165097488,0.9615178672776252,0.2666312183787707,0.1494720283852273,1
